{"count":1,"self":54.1984704,"total":54.797878999999995,"children":{"InitializeActuators":{"count":1,"self":0.001238,"total":0.001238,"children":null},"InitializeSensors":{"count":1,"self":0.00077699999999999991,"total":0.00077699999999999991,"children":null},"AgentSendState":{"count":2410,"self":0.008158,"total":0.116161,"children":{"CollectObservations":{"count":482,"self":0.10574499999999999,"total":0.10574499999999999,"children":null},"WriteActionMask":{"count":482,"self":0.00062999999999999992,"total":0.00062999999999999992,"children":null},"RequestDecision":{"count":482,"self":0.0016279999999999999,"total":0.0016279999999999999,"children":null}}},"DecideAction":{"count":2410,"self":0.099929999999999991,"total":0.099929999999999991,"children":null},"AgentAct":{"count":2410,"self":0.38098099999999996,"total":0.38098099999999996,"children":null}},"gauges":{},"metadata":{"timer_format_version":"0.1.0","start_time_seconds":"1719588063","unity_version":"2023.2.20f1","command_line_arguments":"\/home\/whale\/Unity\/Hub\/Editor\/2023.2.20f1\/Editor\/Unity -projectpath \/home\/whale\/test for usv -useHub -hubIPC -cloudEnvironment production","communication_protocol_version":"1.5.0","com.unity.ml-agents_version":"3.0.0-exp.1","scene_name":"USVRace","end_time_seconds":"1719588118"}}